Size,Inputs,Outputs,Fanin-1,Fanin-2,Fanin-3,Fanout-1,Fanout-2,Fanout-3,Depth,Input Size (Avg),Input Size (Max),Output Size (Avg),Output Size (Max),Wire Complexity,Reconvergence
1000,32,32,2.558,5.459,10.165,2.435,4.543,7.011,10,356.15625,412,404.75,705,2529,0.0
1000,32,32,3.374,10.425,28.193,3.253,6.041,9.979,10,649.0625,674,590.375,633,3352,0.0
1000,32,32,2.37,4.546,7.217,2.242,3.812,5.484,10,203.84375,252,225.875,436,2341,0.0
1000,32,32,3.166,8.868,20.345,3.038,5.329,7.857,10,524.03125,586,291.46875,528,3137,0.0
1000,32,32,2.893,6.801,12.037,2.765,4.782,7.079,10,269.03125,445,258.65625,618,2862,0.0
1000,32,32,2.764,5.727,9.01,2.636,4.16,5.693,10,248.46875,528,186.0625,324,2737,0.0
1000,32,32,3.026,7.857,15.298,2.905,4.974,7.04,10,278.0625,472,308.9375,470,2997,0.0
1000,32,32,3.023,7.784,16.695,2.895,5.095,7.369,10,344.4375,432,342.5625,526,2994,0.0
1000,32,32,3.278,9.659,24.615,3.15,5.697,8.838,10,532.1875,550,419.0625,699,3256,0.0
1000,32,32,2.074,3.939,6.727,1.954,3.809,6.184,15,274.28125,374,376.25,560,2051,0.0
1000,32,32,2.023,4.201,7.539,1.895,4.019,6.477,13,240.15625,284,313.75,561,1994,0.0
1000,32,32,2.339,4.285,7.461,2.214,4.051,6.782,15,251.0625,392,593.0625,818,2311,0.0
1000,32,32,1.962,3.727,5.902,1.834,3.536,5.447,15,195.875,260,221.875,533,1934,0.0
1000,32,32,2.043,3.619,6.297,1.919,3.538,5.944,15,187.0,664,231.46875,531,2012,0.0
1000,32,32,2.898,7.317,15.659,2.773,5.007,7.742,15,516.3125,636,514.71875,542,2870,0.0
1000,32,32,1.958,3.356,4.876,1.831,3.49,5.596,15,159.34375,301,153.9375,572,1929,0.0
1000,32,32,2.436,4.983,9.924,2.309,4.289,7.213,20,348.9375,381,638.9375,923,2408,0.0
1000,32,32,2.669,5.847,11.407,2.568,4.394,6.832,20,402.96875,554,236.15625,698,2644,0.0
1000,32,32,2.654,5.21,10.932,2.537,4.646,7.754,20,368.6875,562,385.21875,905,2629,0.0
1000,32,32,2.63,5.443,11.137,2.535,4.693,7.982,19,365.40625,502,680.9375,841,2604,0.0
1000,32,32,2.092,4.227,7.359,1.974,4.021,6.651,20,322.71875,407,63.53125,889,2062,0.0
1000,32,32,2.663,6.109,13.355,2.535,4.524,7.143,20,693.21875,727,500.875,545,2635,0.001002004008016032
1000,32,32,2.519,5.15,9.182,2.397,4.307,7.037,33,189.34375,464,481.78125,808,2502,0.0010121457489878543
100,32,32,2.77,5.06,5.73,1.81,2.27,2.36,4,17.125,36,9.9375,15,246,0.0
100,32,32,3.06,5.83,5.21,2.03,2.72,3.03,4,14.96875,73,12.90625,20,275,0.0
100,32,32,2.8,3.71,3.63,1.7,1.99,2.16,4,11.03125,41,7.09375,14,249,0.0
100,32,32,3.15,5.95,6.37,1.93,2.84,3.1,4,18.875,46,10.90625,16,286,0.0
100,32,32,1.94,1.89,1.97,1.38,1.63,1.86,4,6.125,21,6.9375,13,162,0.0
100,32,32,2.3,2.71,2.66,1.95,2.21,2.29,4,8.28125,23,7.65625,23,199,0.0
100,32,32,2.37,2.66,2.45,2.05,2.63,2.86,4,7.65625,26,9.4375,25,206,0.0
100,32,32,3.14,6.03,5.57,1.89,2.6,2.87,4,15.96875,71,11.625,17,283,0.0
100,32,32,3.12,6.17,6.69,2.04,2.8,3.22,4,18.15625,64,15.28125,20,282,0.0
100,32,32,2.33,2.77,2.81,1.83,2.01,2.09,4,8.65625,17,7.0,21,201,0.0
100,32,32,2.25,2.49,3.43,1.89,2.7,3.25,5,22.1875,53,12.875,19,193,0.0
100,32,32,3.09,5.47,6.45,1.89,2.2,2.35,5,21.65625,28,7.4375,47,277,0.0
100,32,32,3.46,7.6,8.93,2.2,3.08,3.27,5,26.90625,57,13.375,24,314,0.0
100,32,32,2.94,4.12,3.93,1.68,2.18,2.52,5,10.4375,69,9.9375,22,265,0.0
100,32,32,2.27,2.94,3.78,1.92,2.62,2.85,5,11.4375,31,11.53125,24,198,0.0
100,32,32,1.99009900990099,2.1386138613861387,2.277227722772277,1.4257425742574257,1.900990099009901,1.9603960396039604,5,7.25,22,6.625,16,169,0.0
100,32,32,2.92,4.06,4.21,1.67,2.2,2.44,5,10.90625,63,9.46875,23,261,0.0
100,32,32,2.37,3.12,3.16,1.61,1.99,2.35,5,10.03125,33,8.4375,18,206,0.0
100,32,32,2.37,2.79,3.04,1.97,2.39,2.59,5,9.25,21,7.71875,40,207,0.0
100,32,32,2.69,4.04,4.12,1.43,1.94,2.31,6,12.125,54,9.65625,22,238,0.0
100,32,32,2.29,3.41,4.43,1.97,2.85,3.13,6,15.8125,33,14.5,24,199,0.0
100,32,32,2.18,2.69,3.14,1.86,2.67,3.06,6,16.96875,35,13.375,28,186,0.0
2000,32,32,1.5575,2.319,3.475,1.4935,2.808,4.7675,20,619.40625,791,430.1875,836,3085,0.0
2000,32,32,2.1785,3.8995,7.1245,2.1145,3.83,6.407,20,942.625,1066,171.5625,1746,4325,0.0
2000,32,32,1.8565,2.9955,5.0355,1.7925,3.222,5.864,18,908.78125,1030,335.84375,1402,3682,0.0
2000,32,32,2.7605,6.532,14.7995,2.6995,5.2455,8.9115,20,1386.5,1491,726.125,1686,5496,0.0
2000,32,32,1.913,3.044,4.6585,1.8495,3.198,5.0325,18,738.25,1020,446.96875,1044,3797,0.0
2000,32,32,1.8995,3.248,4.816,1.8355,3.3095,5.7645,20,439.0,525,301.34375,1787,3769,0.0
2000,32,32,1.812,2.995,5.1625,1.748,3.141,5.438,22,754.71875,1053,453.75,1020,3597,0.0
2000,32,32,1.8675,3.2605,5.399,1.8065,3.3845,5.474,22,459.625,1322,322.0625,1046,3709,0.0
2000,32,32,1.731,2.5565,3.601,1.6675,2.846,4.187,22,881.5625,1241,242.75,503,3432,0.0
2000,32,32,1.933,3.078,4.8465,1.869,3.1805,5.13,22,683.5,887,228.9375,1488,3838,0.0
2000,32,32,1.729,2.4805,3.355,1.665,2.8465,4.492,22,284.5,537,281.28125,952,3429,0.0
2000,32,32,2.447,4.241,6.8055,2.383,3.895,6.177,22,886.4375,922,297.78125,1758,4866,0.0
2000,32,32,2.28,4.052,6.961,2.216,3.8135,6.5805,22,346.875,902,701.40625,1634,4532,0.0
2000,32,32,2.1255,3.742,6.3905,2.1095,3.7685,6.0345,22,1066.65625,1425,444.40625,1274,4223,0.0
2000,32,32,2.761,6.364,12.2235,2.6975,4.9645,7.8795,22,600.90625,1832,658.96875,1420,5497,0.0
2000,32,32,2.6215,5.2505,9.617,2.5575,4.4495,7.0575,30,685.03125,842,942.53125,1179,5215,0.0
2000,32,32,2.1055,3.869,6.966,2.0415,3.512,5.366,30,1401.0,1657,549.59375,916,4183,0.010520163646990065
2000,32,32,2.466,4.2935,7.41,2.403,4.057,6.442,30,308.03125,1618,933.0,1453,4906,0.0005115089514066496
2000,32,32,3.1695,9.131,22.789,3.108,5.6365,8.7585,29,1104.375,1206,619.875,1409,6313,0.0
2000,32,32,3.502,11.6395,35.2905,3.441,6.505,10.9505,24,1201.90625,1716,1157.0625,1500,6985,0.0
3000,32,32,2.2946666666666666,4.075,7.118666666666667,2.252,3.8076666666666665,5.971333333333333,28,1861.1875,2500,953.34375,1335,6857,0.0
3000,32,32,1.9483333333333333,3.1553333333333335,5.237333333333333,1.9056666666666666,3.315,5.806666666666667,29,607.28125,642,1334.3125,2283,5817,0.00033840947546531303
3000,32,32,2.3756666666666666,4.425666666666666,7.331666666666667,2.333,3.9993333333333334,6.234,25,681.71875,714,514.0,2392,7102,0.0
3000,32,32,2.199,4.106,8.447666666666667,2.158,3.973333333333333,7.265,27,910.125,1845,1607.5,2480,6571,0.0
3000,32,32,2.624,5.145333333333333,10.532,2.583,4.211333333333333,6.104666666666667,27,1063.1875,2361,609.6875,902,7842,0.0
3000,32,32,2.530666666666667,5.031,8.565666666666667,2.488,4.323333333333333,6.7026666666666666,30,1206.59375,1279,765.0625,1565,7562,0.0006704659738518271
3000,32,32,2.0716666666666668,3.5953333333333335,6.274333333333334,2.029,3.6363333333333334,6.171,32,832.09375,895,614.03125,2227,6189,0.000351493848857645
3000,32,32,1.6926666666666668,2.529,3.7903333333333333,1.65,2.945,5.298,28,371.875,446,255.625,2797,5055,0.0
3000,32,32,1.8836666666666666,2.979,4.937,1.843,3.22,5.857666666666667,27,322.8125,2115,941.75,1463,5623,0.0
3000,32,32,1.916,3.0673333333333335,4.6146666666666665,1.8733333333333333,3.247333333333333,5.345666666666666,27,665.75,713,1040.15625,2594,5722,0.010818608005769925
3000,32,32,1.8823333333333334,2.887,4.1786666666666665,1.8396666666666666,3.172,5.1866666666666665,32,771.46875,789,1259.8125,1913,5619,0.002360876897133221
3000,32,32,2.118,4.391,8.509666666666666,2.0753333333333335,4.551666666666667,7.589666666666667,30,1030.4375,1061,1877.09375,2262,6329,0.0
3000,32,32,1.88,2.7586666666666666,3.6346666666666665,1.8373333333333333,3.013333333333333,4.233666666666666,42,1037.25,1075,613.125,740,5612,0.008016032064128256
3000,32,32,3.061,8.688,23.331666666666667,3.0263333333333335,5.761,9.842333333333332,34,2072.28125,2152,812.09375,2878,9159,0.0006749915626054674
3000,32,32,2.2663333333333333,4.541666666666667,8.721333333333334,2.2236666666666665,4.075,7.413333333333333,39,1198.4375,1286,1784.40625,2455,6781,0.00033422459893048126
3000,32,32,1.903,3.009333333333333,4.913333333333333,1.8603333333333334,3.2306666666666666,5.9366666666666665,29,936.46875,1018,1403.3125,1978,5680,0.0010330578512396695
3000,32,32,2.1113333333333335,3.429666666666667,4.775666666666667,2.0686666666666667,3.3646666666666665,5.030666666666667,40,427.0,444,1192.8125,2034,6305,0.010760401721664276
4000,32,32,2.76,5.97975,12.18575,2.728,4.63575,6.96775,36,2417.46875,3294,1062.46875,1578,11018,0.0007503751875937969
4000,32,32,2.21375,4.07925,8.68225,2.18175,3.8615,6.382,35,2673.28125,2779,1397.09375,1994,8827,0.0
4000,32,32,2.402,4.35,8.9715,2.37,4.04425,6.8785,30,2676.03125,2776,216.1875,3883,9583,0.00025297242600556537
4000,32,32,2.372,5.18225,11.48975,2.34,4.5335,7.94025,37,1221.65625,1295,3211.1875,3724,9468,0.001011378002528445
4000,32,32,2.37375,5.46575,10.7545,2.34175,4.88075,8.085,40,1557.46875,1731,2761.375,3679,9473,0.0002512562814070352
1046,25,21,2.0038240917782026,3.0707456978967493,4.777246653919694,1.9082217973231357,3.5133843212237093,5.921606118546845,20,209.28,255,355.4761904761905,818,2076,0.0
1057,19,23,1.621570482497635,2.5610217596972564,3.757805108798486,1.5496688741721854,3.006622516556291,5.103122043519394,14,250.78947368421052,290,451.17391304347825,598,1698,0.0
1071,52,63,2.1064425770308124,3.8664799253034547,6.591036414565826,1.9253034547152195,3.552754435107376,5.831932773109243,28,337.0576923076923,563,320.4920634920635,710,2210,0.0
1090,25,23,2.293577981651376,4.024770642201835,6.54954128440367,2.2027522935779817,3.8458715596330277,5.780733944954129,13,247.32,318,279.8695652173913,848,2478,0.0
1120,25,21,2.2928571428571427,4.3464285714285715,6.521428571428571,2.2151785714285714,3.724107142857143,5.650892857142857,14,415.68,903,345.6190476190476,797,2546,0.0
114,17,19,1.1754385964912282,1.1754385964912282,1.1754385964912282,1.0175438596491229,1.5087719298245614,1.6666666666666667,4,7.882352941176471,14,7.157894736842105,13,117,0.0
1153,22,26,1.7675628794449263,3.241110147441457,5.690372940156115,1.6912402428447528,3.347788378143972,5.87510841283608,19,323.3636363636364,384,478.3076923076923,618,2021,0.0
1197,23,32,2.1637426900584797,3.6984126984126986,5.713450292397661,2.0868838763575606,3.680033416875522,5.857142857142857,28,363.9130434782609,404,235.5625,940,2572,0.0
128,20,24,2.5625,4.3125,4.921875,2.078125,3.0703125,3.703125,6,25.35,69,24.375,48,311,0.0
1336,17,24,2.0995508982035926,3.5464071856287425,5.529191616766467,2.0486526946107784,3.497005988023952,5.380988023952096,14,405.5882352941176,447,517.6666666666666,606,2789,0.0
1352,31,19,2.86094674556213,6.982248520710059,15.091715976331361,2.769230769230769,5.254437869822485,8.814349112426035,35,763.9032258064516,791,731.1052631578947,1092,3848,0.0014970059880239522
1368,20,26,2.1330409356725144,3.500730994152047,5.290204678362573,2.074561403508772,3.5694444444444446,5.62719298245614,50,163.85,745,591.5769230769231,887,2908,0.0007363770250368188
1387,31,17,2.328767123287671,5.025955299206921,9.936553713049747,2.2393655371304977,4.274693583273252,7.265320836337419,39,519.8387096774194,550,1098.6470588235295,1251,3214,0.002898550724637681
1396,22,32,2.1232091690544412,3.4992836676217767,5.020773638968481,2.0601719197707737,3.4978510028653296,5.036532951289399,16,322.54545454545456,369,311.09375,765,2947,0.0007968127490039841
1399,22,31,1.8391708363116512,3.1686919228020014,5.911365260900643,1.7784131522516082,3.4160114367405288,6.3309506790564685,20,636.9545454545455,803,481.5806451612903,983,2554,0.0
1418,22,26,1.85049365303244,2.9633286318758816,4.305359661495063,1.7884344146685474,3.1777150916784205,5.1297602256699575,20,410.40909090909093,459,361.46153846153845,796,2609,0.0
1425,23,18,2.5298245614035086,4.931228070175439,10.094736842105263,2.465263157894737,4.393684210526316,6.656842105263158,15,1127.4347826086957,1205,656.0,783,3585,0.0
1426,25,22,2.1255259467040672,3.2924263674614305,5.109396914446003,2.055399719495091,3.4761570827489483,5.830995792426368,22,868.88,957,338.8636363636364,834,3010,0.002135231316725979
1430,24,26,2.3055944055944058,4.380419580419581,8.064335664335664,2.2384615384615385,4.265734265734266,6.8090909090909095,17,505.9166666666667,598,697.0384615384615,881,3281,0.0
1436,26,20,1.9254874651810585,3.386490250696379,5.3516713091922,1.8530640668523677,3.6448467966573816,5.999303621169917,31,385.46153846153845,585,348.1,1308,2742,0.0
1443,30,29,2.131670131670132,4.441441441441442,8.016632016632016,2.0485100485100487,3.936936936936937,6.496188496188497,29,636.0,683,692.5862068965517,854,3056,0.004163775156141568
147,18,18,2.6802721088435373,4.2517006802721085,4.1768707482993195,2.2176870748299318,2.8095238095238093,3.0272108843537415,6,33.27777777777778,77,23.77777777777778,27,377,0.0
1577,28,27,1.8941027266962587,2.9143944197844007,4.228281547241598,1.8230818008877616,3.150285351934052,5.119213696892834,21,670.4285714285714,943,411.3703703703704,826,2960,0.0
1591,18,25,3.1194217473287242,8.722187303582652,20.81646763042112,3.07416719044626,5.722187303582652,9.361407919547455,49,1075.9444444444443,1326,661.08,1427,4955,0.023596938775510203
1639,17,18,1.839536302623551,2.726052471018914,4.046979865771812,1.7980475899938988,3.117144600366077,5.3624161073825505,37,405.47058823529414,454,333.94444444444446,1585,3002,0.00125
1647,18,21,2.0303582270795384,3.5081967213114753,6.251366120218579,1.986642380085003,3.6035215543412265,6.025500910746812,28,696.7777777777778,733,364.1904761904762,1263,3333,0.0
1648,24,25,2.216019417475728,3.8258495145631066,6.242111650485437,2.157766990291262,3.720873786407767,6.276092233009709,36,415.25,451,931.12,1492,3636,0.001854140914709518
164,31,18,1.5365853658536586,1.7378048780487805,1.725609756097561,0.8902439024390244,1.3414634146341464,1.4634146341463414,4,9.0,13,9.11111111111111,18,221,0.0
1670,59,50,1.8892215568862276,3.259880239520958,5.326946107784432,1.7479041916167664,3.3227544910179643,5.540718562874251,31,422.64406779661016,528,634.96,1065,3105,0.0006222775357809583
1684,29,21,2.5368171021377672,5.754750593824228,12.279691211401426,2.467933491686461,4.701306413301663,8.40498812351544,52,920.5862068965517,959,1046.8095238095239,1637,4265,0.05878824235152969
175,21,32,2.474285714285714,4.6971428571428575,6.942857142857143,2.0285714285714285,3.5542857142857143,5.8742857142857146,8,45.76190476190476,100,54.625,107,414,0.0
177,18,21,2.393258426966292,3.303370786516854,2.859550561797753,2.303370786516854,3.0898876404494384,3.4887640449438204,4,28.555555555555557,32,25.047619047619047,32,408,0.0
183,26,27,2.371584699453552,3.33879781420765,3.5081967213114753,1.9453551912568305,2.5846994535519126,2.8633879781420766,5,23.692307692307693,45,17.85185185185185,28,410,0.0
1857,21,20,2.0823909531502425,3.4028002154011845,5.429186860527733,2.037156704361874,3.4765751211631666,5.9213785675821216,30,393.57142857142856,421,1071.1,1582,3854,0.0
186,31,17,2.2311827956989245,3.10752688172043,2.9623655913978495,1.7311827956989247,2.3225806451612905,2.39247311827957,4,17.419354838709676,34,20.764705882352942,24,384,0.0
1905,21,29,2.241469816272966,4.414698162729659,8.512860892388451,2.1973753280839894,3.9191601049868767,7.1249343832021,19,568.3809523809524,590,984.7241379310345,1584,4253,0.0
1940,26,29,3.0345360824742267,8.42422680412371,20.248453608247424,2.981958762886598,5.5,8.818556701030928,47,1581.2307692307693,1885,828.6551724137931,1226,5872,0.002586652871184687
221,17,32,1.6380090497737556,1.8144796380090498,1.755656108597285,1.407239819004525,1.8190045248868778,1.914027149321267,4,21.41176470588235,63,13.09375,24,345,0.0
2540,44,53,2.649212598425197,5.702755905511811,10.938582677165355,2.5799212598425196,4.517322834645669,7.076377952755905,34,856.75,1389,1126.698113207547,2239,6690,0.0
255,28,17,2.7450980392156863,4.682352941176471,5.564705882352941,2.3058823529411763,3.16078431372549,3.592156862745098,5,45.642857142857146,78,38.294117647058826,61,673,0.0
264,21,19,2.375,3.9696969696969697,4.359848484848484,2.1363636363636362,3.2234848484848486,3.6363636363636362,4,48.095238095238095,52,43.0,52,606,0.0
277,21,24,2.8592057761732854,6.422382671480144,7.7111913357400725,2.783393501805054,4.375451263537906,5.458483754512636,6,44.095238095238095,176,80.0,89,771,0.0
2920,49,25,3.3195205479452055,10.376369863013698,30.372260273972604,3.2527397260273974,6.219178082191781,10.885616438356164,74,2155.9591836734694,2774,2094.52,2610,9673,0.00789564023343632
376,20,23,2.949468085106383,6.88563829787234,11.48404255319149,2.7367021276595747,4.422872340425532,6.074468085106383,8,125.15,215,118.1304347826087,135,1091,0.0
377,28,17,2.546419098143236,5.408488063660477,9.753315649867375,2.2519893899204244,3.9973474801061006,6.376657824933687,13,157.82142857142858,241,195.05882352941177,213,932,0.0
387,24,20,1.8397932816537468,3.012919896640827,4.012919896640827,1.6253229974160206,3.1808785529715764,4.96640826873385,11,67.45833333333333,118,61.8,215,688,0.0
392,23,23,2.6198979591836733,4.795918367346939,7.61734693877551,2.385204081632653,3.8622448979591835,5.122448979591836,9,78.91304347826087,311,84.04347826086956,153,1007,0.0
393,18,26,2.3027989821882953,3.6513994910941476,4.743002544529262,2.1246819338422394,3.3689567430025447,4.587786259541985,16,81.33333333333333,276,73.23076923076923,232,889,0.0
403,19,20,2.208436724565757,3.6501240694789083,5.732009925558312,2.0198511166253104,3.488833746898263,5.781637717121588,18,162.26315789473685,200,144.05,305,877,0.0
489,25,28,2.901840490797546,6.92638036809816,12.012269938650308,2.6973415132924337,4.564417177914111,6.079754601226994,5,158.0,167,153.96428571428572,167,1396,0.0
541,31,30,2.700554528650647,5.7467652495378925,11.00184842883549,2.4713493530499075,4.425138632162661,6.870609981515711,11,237.58064516129033,289,278.4,334,1433,0.0
550,25,24,2.6236363636363635,6.365454545454545,10.656363636363636,2.441818181818182,4.352727272727273,5.689090909090909,8,163.68,213,168.0,197,1421,0.0
655,26,24,2.5801526717557253,4.616793893129771,5.844274809160305,2.4625954198473283,3.816793893129771,4.809160305343512,6,76.3076923076923,275,127.20833333333333,137,1665,0.0
679,31,27,3.0294550810014726,7.686303387334315,16.487481590574372,2.8512518409425627,5.188512518409426,8.197349042709867,13,320.4516129032258,350,393.0740740740741,557,2031,0.0
687,18,21,2.8282387190684135,6.774381368267831,13.462882096069869,2.7234352256186316,4.832605531295488,7.160116448326055,13,292.27777777777777,385,325.0,418,1929,0.0
714,24,20,2.096638655462185,4.029411764705882,5.7521008403361344,1.9621848739495797,3.80672268907563,5.404761904761905,9,130.16666666666666,159,169.65,242,1474,0.0
725,21,21,2.0786206896551724,3.7475862068965515,6.488275862068965,1.9627586206896552,3.550344827586207,6.293793103448276,14,255.04761904761904,310,356.4761904761905,513,1490,0.0
736,18,23,2.786684782608696,6.361413043478261,12.18070652173913,2.688858695652174,4.917119565217392,7.891304347826087,23,375.6666666666667,602,325.0,646,2041,0.0
786,27,18,2.604325699745547,5.614503816793893,10.04325699745547,2.4669211195928753,4.424936386768448,6.535623409669212,10,197.88888888888889,265,331.27777777777777,427,2025,0.0
791,19,17,2.1264222503160557,3.475347661188369,5.427307206068268,2.030341340075853,3.5474083438685207,5.579013906447535,11,197.10526315789474,228,231.35294117647058,324,1666,0.0
803,27,17,2.3125778331257782,3.983810709838107,6.297633872976339,2.1780821917808217,3.7745952677459527,6.145703611457036,26,189.0,223,475.3529411764706,734,1837,0.0
804,32,23,2.325870646766169,4.161691542288557,6.624378109452737,2.1666666666666665,3.623134328358209,5.298507462686567,23,350.03125,405,194.65217391304347,466,1843,0.0012642225031605564
821,19,23,1.7503045066991474,2.874543239951279,4.4738124238733255,1.6577344701583434,3.2594397076735686,5.3800243605359315,38,233.26315789473685,258,437.7391304347826,657,1423,0.0
834,31,19,2.1630695443645083,3.9532374100719423,6.655875299760192,2.051558752997602,3.8093525179856114,6.244604316546763,38,447.741935483871,589,256.57894736842104,767,1777,0.001282051282051282
850,29,22,1.6847058823529413,2.5176470588235293,3.7988235294117647,1.5482352941176472,2.8223529411764705,4.963529411764706,16,175.93103448275863,209,114.4090909090909,632,1404,0.0
874,29,26,1.7906178489702518,2.5938215102974826,3.8123569794050343,1.6578947368421053,2.9519450800915332,4.838672768878719,15,161.44827586206895,226,186.26923076923077,579,1541,0.0
913,32,24,2.245345016429354,4.12486308871851,7.52683461117196,2.105147864184009,3.786418400876232,6.522453450164294,22,350.0625,426,358.5,591,2023,0.0
923,19,30,2.096424702058505,3.61863488624052,6.09534127843987,2.0140845070422535,3.582881906825569,6.120260021668472,25,307.7368421052632,346,211.83333333333334,761,1922,0.0
976,27,29,2.151639344262295,4.204918032786885,7.834016393442623,2.060450819672131,3.9600409836065573,6.440573770491803,26,365.18518518518516,572,563.7931034482758,682,2076,0.0
996,19,29,3.2339357429718874,9.486947791164658,23.52710843373494,3.1576305220883536,5.843373493975903,9.507028112449799,17,603.1578947368421,625,468.7586206896552,918,3206,0.0
2424,32,32,1.5697194719471947,2.498762376237624,3.7735148514851486,1.41006600660066,2.7797029702970297,4.676567656765677,33,689.28125,893,293.28125,1406,3773,0.03566591422121896
4249,32,32,1.708637326429748,2.8738526712167567,4.754295128265475,1.6321487408802071,3.391150859025653,6.06001412096964,39,2526.5625,2720,1117.71875,2495,7228,0.10869565217391304
2941,32,32,1.5487929275756545,2.4365861951717105,3.591295477728664,1.3774226453587215,2.6739204352261137,4.450527031621897,24,700.6875,934,258.8125,612,4523,0.029400678477195626
3949,32,32,1.6928336287667765,2.7910863509749304,4.427196758673082,1.5955938212205623,3.15092428462902,5.4973410990124085,36,1686.25,2036,481.46875,1881,6653,0.06523427388040383
2654,32,32,1.6183119819140919,2.6156744536548606,4.031650339110776,1.4717407686510926,2.9223813112283348,4.928409947249435,26,621.625,1090,196.6875,924,4263,0.03551251008878128
2059,32,32,1.5468674113647403,2.4337056823700824,3.5920349684312773,1.3671685284118504,2.6260320543953375,4.3020883924235065,26,395.625,889,102.4375,426,3153,0.0183585313174946
2708,32,32,1.603397341211226,2.594165435745938,4.018833087149187,1.466765140324963,2.91506646971935,4.921344165435746,24,643.5625,1179,250.21875,758,4310,0.0384310618066561
3203,32,32,1.6375273181392445,2.633780830471433,4.014673743365595,1.4882922260380893,2.929753356228536,4.97377458632532,27,890.1875,1225,287.0,953,5213,0.04070152217074785
4449,32,32,1.700157338727804,2.8249044729152617,4.539222297145426,1.6178916610474263,3.244774106540796,5.707574735895707,39,2039.84375,2228,1014.21875,3136,7532,0.06474490963166324
1952,32,32,1.6311475409836065,2.6111680327868854,3.9487704918032787,1.4836065573770492,2.8406762295081966,4.822233606557377,30,605.03125,830,345.65625,1032,3152,0.04538087520259319
2354,32,32,1.5012744265080713,2.4163126593033133,3.697111299915038,1.355140186915888,2.703483432455395,4.669923534409516,28,766.96875,953,323.0625,804,3502,0.06552567237163814
2503,32,32,1.5273671594087095,2.404314822213344,3.5653216140631243,1.3579704354774271,2.6448262085497403,4.502996404314822,35,738.78125,1100,650.6875,1406,3791,0.044802867383512544
1911,32,32,1.4631083202511774,2.313971742543171,3.421768707482993,1.302459445316588,2.5347985347985347,4.322344322344322,30,471.59375,658,191.875,757,2764,0.03801348865726548
1336,32,32,1.375,2.2215568862275448,3.4520958083832336,1.2402694610778444,2.4146706586826348,4.097305389221557,30,255.6875,753,102.3125,396,1805,0.052434456928838954
3663,32,32,1.704886704886705,2.846300846300846,4.608517608517609,1.6044226044226044,3.244062244062244,5.6265356265356266,42,1848.9375,2345,893.21875,1671,6213,0.08849061887426492
1626,32,32,1.3339483394833949,2.07380073800738,2.997539975399754,1.1623616236162362,2.222017220172202,3.6820418204182044,23,288.96875,569,84.53125,499,2137,0.02448657187993681
2603,32,32,1.5931617364579331,2.564348828275067,3.9062620053784096,1.4283519016519401,2.8551671148674607,4.852862082212831,43,911.28125,1029,838.3125,1914,4115,0.05793450881612091
2130,32,32,1.6056338028169015,2.5901408450704224,3.9957746478873237,1.4661971830985916,2.8892018779342723,4.909389671361502,47,773.9375,1155,139.3125,1314,3388,0.06955645161290322
2299,32,32,1.5950413223140496,2.5880817746846456,4.067420617659852,1.469769464984776,2.9190952588081776,5.140495867768595,51,743.5625,1264,475.59375,1954,3635,0.0685124354763022
2867,32,32,1.6327171259155913,2.6693407743285666,4.207882804325078,1.5092431112661318,3.0345308685036625,5.290198814091385,42,1134.5625,1583,885.5,2103,4649,0.07416974169741697
1576,32,32,1.4321065989847717,2.248730964467005,3.314720812182741,1.267766497461929,2.4904822335025383,4.25761421319797,36,397.78125,576,46.03125,1318,2225,0.03614457831325301
3119,32,32,1.678422571336967,2.7393395319012503,4.347547290798333,1.5697338890670087,3.1564604039756334,5.586405899326707,49,1782.96875,1925,1205.40625,1976,5203,0.0921311475409836
1826,32,32,1.492880613362541,2.376779846659365,3.6538882803943045,1.3532311062431543,2.6341730558598027,4.4145673603504925,41,368.21875,946,293.0,1094,2694,0.04559650218613367
466,32,32,1.6373390557939915,2.5429184549356223,3.624463519313305,1.3798283261802575,2.628755364806867,3.929184549356223,12,63.09375,245,29.84375,60,731,0.004555808656036446
404,32,32,1.5940594059405941,2.4356435643564356,3.4207920792079207,1.3316831683168318,2.551980198019802,4.0,11,59.75,137,29.6875,64,612,0.0
385,32,32,1.574025974025974,2.3064935064935064,2.9532467532467535,1.238961038961039,2.1792207792207794,3.116883116883117,11,36.96875,147,15.84375,42,574,0.0
587,32,32,1.7018739352640546,2.6899488926746167,3.9369676320272573,1.4701873935264054,2.8500851788756387,4.517887563884157,14,95.75,220,45.8125,90,967,0.0034662045060658577
257,32,32,1.4085603112840468,1.9455252918287937,2.217898832684825,0.9961089494163424,1.622568093385214,2.085603112840467,8,16.71875,52,9.375,23,330,0.0
287,32,32,1.4425087108013936,2.1149825783972127,2.7526132404181185,1.0975609756097562,2.010452961672474,2.9303135888501743,12,26.1875,67,12.3125,49,382,0.00398406374501992
243,32,32,1.4362139917695473,2.0534979423868314,2.4732510288065845,1.0534979423868314,1.8353909465020577,2.6296296296296298,11,18.75,67,12.34375,32,317,0.0
416,32,32,1.6201923076923077,2.4278846153846154,3.331730769230769,1.3197115384615385,2.4951923076923075,3.8197115384615383,12,54.59375,164,28.15625,49,642,0.0049504950495049506
525,32,32,1.7104761904761905,2.7257142857142855,4.022857142857143,1.4628571428571429,2.7923809523809524,4.3619047619047615,13,78.03125,256,35.46875,66,866,0.005847953216374269
288,32,32,1.4583333333333333,2.09375,2.5590277777777777,1.1041666666666667,1.9618055555555556,2.8020833333333335,10,22.65625,60,13.0625,39,388,0.0
505,32,32,1.6455445544554455,2.4673267326732673,3.3069306930693068,1.392079207920792,2.5841584158415842,4.071287128712871,17,83.6875,133,37.90625,251,799,0.016293279022403257
236,32,32,1.6101694915254237,2.4957627118644066,3.6313559322033897,1.3220338983050848,2.614406779661017,4.173728813559322,13,40.78125,90,41.4375,90,348,0.01762114537444934
698,32,32,1.7191977077363896,2.7449856733524354,4.065902578796561,1.521489971346705,2.964183381088825,4.998567335243553,17,146.21875,299,65.5625,132,1168,0.023222060957910014
309,32,32,1.6116504854368932,2.3333333333333335,2.970873786407767,1.2103559870550162,2.1521035598705502,3.220064724919094,10,28.5,139,15.15625,55,466,0.0
260,32,32,1.4384615384615385,2.0692307692307694,2.6,1.1115384615384616,1.9692307692307693,2.9076923076923076,16,30.34375,74,15.4375,64,342,0.0043859649122807015
282,32,32,1.5106382978723405,2.1382978723404253,2.599290780141844,1.0921985815602837,1.8687943262411348,2.524822695035461,9,21.25,50,13.21875,45,394,0.0
283,32,32,1.5229681978798586,2.1554770318021204,2.65017667844523,1.137809187279152,1.982332155477032,2.96113074204947,10,24.0625,97,12.6875,70,399,0.0
368,32,32,1.5298913043478262,2.2092391304347827,2.847826086956522,1.1956521739130435,2.141304347826087,3.1059782608695654,15,34.65625,100,18.0,49,531,0.0
316,32,32,1.5221518987341771,2.1550632911392404,2.5474683544303796,1.1044303797468353,1.9082278481012658,2.680379746835443,11,26.0625,60,13.3125,70,449,0.0
355,32,32,1.5633802816901408,2.295774647887324,3.008450704225352,1.2338028169014084,2.2366197183098593,3.416901408450704,11,40.5625,108,17.84375,67,523,0.0
365,32,32,1.5698630136986302,2.372602739726027,3.2986301369863016,1.2904109589041095,2.4027397260273973,3.8602739726027395,15,53.46875,121,33.15625,66,541,0.005934718100890208
255,32,32,1.5411764705882354,2.392156862745098,3.458823529411765,1.2823529411764707,2.4862745098039216,3.9568627450980394,15,43.46875,85,26.25,82,361,0.008547008547008548
2129,32,32,1.3452325035227806,2.1286989196806014,3.156411460779709,1.190699859088774,2.2921559417566932,3.759041803663692,32,601.25,728,182.59375,645,2832,0.04332129963898917
1415,32,32,1.2063604240282686,1.8296819787985865,2.5363957597173146,1.0120141342756184,1.9286219081272085,3.1696113074204946,25,191.28125,315,58.53125,716,1675,0.006986027944111776
3265,32,32,1.5464012251148544,2.55375191424196,4.091883614088821,1.4361408882082696,2.916079632465544,5.072281776416539,39,1406.125,1676,375.96875,2009,5017,0.0890125173852573
6188,32,32,1.70071105365223,2.869263089851325,4.759534583063995,1.642049127343245,3.362475759534583,5.999676793794441,52,3980.0625,4292,1340.46875,4697,10492,0.11551155115511551
2651,32,32,1.4492644285175404,2.3406261788004525,3.610335722368917,1.3179932101093927,2.606186344775556,4.4032440588457185,32,798.5625,1120,270.9375,1159,3810,0.06326253953908721
2508,32,32,1.2444178628389155,1.9589314194577352,2.882775119617225,1.0968899521531101,2.1411483253588517,3.606858054226475,29,528.09375,716,137.1875,1176,3089,0.024269167126309985
2615,32,32,1.4286806883365202,2.341491395793499,3.68565965583174,1.315869980879541,2.611089866156788,4.5659655831739965,45,1048.78125,1424,288.625,1234,3704,0.08967772069126577
1596,32,32,1.132205513784461,1.8164160401002507,2.786340852130326,1.0169172932330828,1.963032581453634,3.280075187969925,31,245.75,745,101.90625,647,1775,0.04198473282442748
2175,32,32,1.36,2.183448275862069,3.340689655172414,1.2211494252873563,2.36183908045977,3.898390804597701,36,742.84375,1269,171.625,506,2926,0.09487330583382439
2724,32,32,1.3219530102790014,2.1127019089574155,3.227239353891336,1.1945668135095449,2.3197503671071953,3.9434654919236416,42,814.4375,990,189.84375,1640,3569,0.06400384985563042
2449,32,32,1.2074316047366271,1.8917925683952634,2.772968558595345,1.0494079216006533,2.0355247039608004,3.415271539403838,32,461.90625,738,134.1875,749,2925,0.038686987104337635
3216,32,32,1.509639303482587,2.396455223880597,3.6200248756218905,1.3616293532338308,2.6508084577114426,4.556281094527363,49,1156.0625,1270,338.1875,2564,4823,0.057678697806086345
2106,32,32,1.2991452991452992,2.101614434947768,3.2625830959164293,1.1780626780626782,2.2958214624881292,3.893162393162393,34,396.25,1091,191.25,926,2704,0.06445437141033823
2215,32,32,1.3792325056433408,2.3133182844243794,3.837923250564334,1.3020316027088037,2.6338600451467267,4.633860045146727,45,934.625,1438,219.34375,1190,3023,0.10562571756601608
2002,32,32,1.2232767232767232,2.0284715284715285,3.226773226773227,1.124875124875125,2.2022977022977024,3.7312687312687314,33,325.25,1215,118.3125,731,2417,0.04509663564781675
3937,32,32,1.5831851663703327,2.556769113538227,3.9486918973837946,1.4401828803657608,2.8445516891033784,4.784861569723139,34,1166.71875,1305,374.875,1674,6201,0.046822742474916385
3082,32,32,1.627839065541856,2.6528228423101883,4.164503569110967,1.5249837767683323,2.971771576898118,5.072355613238157,49,1405.78125,1812,1016.96875,2092,4985,0.07802385008517887
1076,32,32,1.279739776951673,2.078996282527881,3.191449814126394,1.154275092936803,2.2109665427509295,3.5436802973977697,33,142.375,606,117.28125,493,1345,0.03759398496240601
6834,32,32,1.6634474685396547,2.7587064676616917,4.438396254023997,1.5722856306701785,3.183494293239684,5.535411179397132,58,3305.84375,3831,959.0625,3850,11336,0.08835647794903098
4539,32,32,1.6259087904824852,2.786737166776823,4.729235514430491,1.5668649482264816,3.194756554307116,5.583168098700154,51,1984.96875,3837,933.5625,2848,7348,0.13442543965309564
2941,32,32,1.3628017681060864,2.241074464467868,3.5906154369262158,1.268276096565794,2.508670520231214,4.2703162189731385,44,1041.03125,1939,457.0625,1320,3976,0.08304498269896193
4930,32,32,1.377687626774848,2.1924949290060853,3.315212981744422,1.2421906693711968,2.4150101419878296,4.08235294117647,52,1327.03125,1485,980.59375,2367,6760,0.05288583778286295
3318,32,32,1.2600964436407474,1.9520795660036165,2.8264014466546112,1.106088004822182,2.127185051235684,3.537974683544304,35,660.4375,842,171.4375,1955,4149,0.032087733549959384
4349,32,32,1.5543803173143251,2.5893308806622213,4.259369970108071,1.4702230397792595,2.9701080708208782,5.220970338008738,55,1298.1875,2715,1306.8125,2787,6728,0.10189266269121079
4978,32,32,1.6631177179590197,2.7816392125351546,4.538770590598634,1.5817597428686219,3.162314182402571,5.254720771394134,38,1612.34375,3751,382.65625,1303,8247,0.07997467820215236
5938,32,32,1.5378915459750757,2.4516672280229033,3.7251599865274505,1.3989558773997979,2.720444594139441,4.527955540586056,39,1967.6875,2268,505.28125,2160,9100,0.05036785512167515
4393,32,32,1.3942636011837013,2.224447985431368,3.394491236057364,1.270657864784885,2.47848850443888,4.214432050990212,57,1521.125,1726,383.21875,2903,6093,0.06485120718697361
3602,32,32,1.2040533037201555,1.8989450305385898,2.811215991116047,1.0669072737368128,2.059966685174903,3.4714047751249306,44,718.0,929,140.375,2245,4305,0.04020700636942675
1626,32,32,0.8462484624846248,1.3936039360393604,2.1875768757687575,0.7632226322263223,1.466789667896679,2.399138991389914,34,118.125,628,64.71875,252,1344,0.05477707006369427
3427,32,32,1.3472424861394805,2.1447330026262037,3.183250656550919,1.199591479428071,2.284213597899037,3.8170411438576015,44,825.09375,1009,383.3125,1816,4585,0.042322097378277156
3598,32,32,1.2673707615341856,1.9936075597554197,2.9613674263479712,1.1275708727070595,2.1837131739855473,3.7031684269038356,47,884.28125,1069,430.15625,1237,4528,0.04391891891891892
5920,32,32,1.5383445945945946,2.4842905405405404,3.870101351351351,1.4204391891891892,2.8216216216216217,4.913682432432433,40,2121.59375,2385,1260.15625,3153,9075,0.06695668621146207
3209,32,32,1.190401994390776,1.8653786226238704,2.7279526332190716,1.0370832034901838,1.969772514802119,3.290121533187909,40,757.5625,918,224.0625,533,3788,0.05203103605659516
10812,32,32,1.6888642249352572,2.8546059933407326,4.785978542360341,1.6338327783943767,3.3832778394376617,6.058361080281169,71,7277.75,7786,2069.0625,9213,18228,0.12426260704091342
6067,32,32,1.5201911982858085,2.465963408603923,3.8772045492005933,1.4067908356683698,2.809955496950717,4.886599637382561,53,2663.25,2993,1177.46875,3645,9191,0.0761478163493841
4122,32,32,1.3345463367297428,2.111596312469675,3.1504124211547793,1.1950509461426493,2.316593886462882,3.8772440562833577,39,1077.46875,1178,746.0,2156,5469,0.04403497813866333
4234,32,32,1.3403401039206424,2.083845063769485,3.0491261218705716,1.1913084553613604,2.266178554558337,3.7276806802078415,49,793.4375,894,470.03125,1787,5643,0.028580024067388687
7766,32,32,1.6188514035539532,2.72559876384239,4.490857584342003,1.548287406644347,3.1146021117692504,5.324105073396858,40,3752.84375,5715,738.5625,2394,12540,0.09888423988842399
6206,32,32,1.6214953271028036,2.665323880116017,4.2666774089590715,1.5236867547534645,3.057847244601998,5.303254914598775,62,3071.4375,3362,1134.28125,3840,10031,0.09380378657487091
6078,32,32,1.6227377426785126,2.671602500822639,4.322309970384995,1.533563672260612,3.093616321158276,5.3719973675551165,59,3448.0,3655,228.875,5518,9831,0.09788128173699877
9061,32,32,1.5155060147886548,2.4479638009049776,3.816024721333186,1.4081227237611742,2.7937313762277896,4.807416399955855,60,3203.3125,3353,3361.71875,7104,13700,0.06357731701224081
9536,32,32,1.5966862416107384,2.614303691275168,4.161178691275167,1.4945469798657718,2.9981124161073827,5.191694630872483,68,4104.09375,4681,2982.4375,7590,15194,0.07728150926241618
1333,25,21,1.3173293323330832,2.0382595648912227,2.927231807951988,1.1417854463615904,2.18304576144036,3.6399099774943737,29,288.76,384,200.61904761904762,509,1731,0.02420135527589545
1091,19,23,1.1099908340971585,1.7552703941338221,2.623281393217232,0.9770852428964253,1.8918423464711274,3.1035747021081574,23,272.5263157894737,332,95.08695652173913,301,1192,0.029957203994293864
1830,52,63,1.5530054644808744,2.5371584699453553,4.020765027322405,1.4213114754098362,2.8633879781420766,4.983060109289617,47,602.1923076923077,1072,168.79365079365078,990,2790,0.10237659963436929
2347,25,23,1.544098849595228,2.473796335747763,3.750319556881125,1.3962505325948018,2.736259054111632,4.507882403067746,29,616.56,834,290.2608695652174,1052,3599,0.019102196752626553
1331,25,21,1.69045830202855,2.8332081141998495,4.645379413974455,1.6175807663410968,3.1344853493613822,5.200601051840721,41,564.2,1130,258.4761904761905,829,2225,0.0933641975308642
137,17,19,0.781021897810219,1.072992700729927,1.2408759124087592,0.5328467153284672,0.927007299270073,1.2408759124087592,6,8.647058823529411,19,4.578947368421052,17,90,0.0
1704,22,26,1.3708920187793427,2.240023474178404,3.5093896713615025,1.2476525821596245,2.4806338028169015,4.18368544600939,41,676.7272727272727,941,250.8846153846154,653,2314,0.08320839580209895
1994,23,32,1.5035105315947843,2.40320962888666,3.63691073219659,1.3505516549648946,2.6409227683049146,4.413239719157472,43,609.3913043478261,734,139.03125,1102,2975,0.0363531448355453
304,20,24,1.450657894736842,2.1677631578947367,2.914473684210526,1.1875,2.200657894736842,3.5098684210526314,13,58.45,134,22.041666666666668,73,421,0.0
1738,17,24,1.332566168009206,2.127157652474108,3.2105868814729575,1.2008055235903337,2.288837744533947,3.7456846950517835,27,574.8235294117648,664,160.25,481,2299,0.03373313343328336
3879,31,19,1.6442382057231246,2.691157514823408,4.279195668986852,1.5315803042021139,3.0843000773395204,5.404227893787058,55,2051.0967741935483,2160,1374.0526315789473,2880,6347,0.0944775311315647
651,20,26,0.6067588325652842,0.9339477726574501,1.304147465437788,0.500768049155146,0.9216589861751152,1.3993855606758832,12,45.65,107,12.307692307692308,72,375,0.0
2695,31,17,1.5087198515769944,2.4256029684601113,3.736920222634508,1.368460111317254,2.730612244897959,4.738775510204082,46,1056.483870967742,1235,648.9411764705883,1454,4035,0.07305743243243243
2073,22,32,1.388326097443319,2.186685962373372,3.2653159671972984,1.2479498311625663,2.3888084901109505,3.9589966232513265,32,575.8181818181819,702,213.375,833,2856,0.03734439834024896
1194,22,31,1.364321608040201,2.185929648241206,3.3341708542713566,1.2261306532663316,2.4179229480737017,4.127303182579564,29,489.0,578,166.70967741935485,408,1607,0.08096740273396424
1478,22,26,1.2273342354533152,1.8998646820027063,2.732746955345061,1.0893098782138024,2.048037889039242,3.3159675236806496,24,344.90909090909093,400,115.15384615384616,426,1792,0.0260950605778192
2340,23,18,1.7085470085470085,2.9247863247863246,4.947435897435898,1.6452991452991452,3.4,5.908974358974359,44,1654.7391304347825,1848,516.8333333333334,1254,3975,0.1354810238305384
1758,25,22,1.4926052332195676,2.4590443686006824,3.9129692832764507,1.369169510807736,2.7667804323094427,4.722411831626848,37,749.08,888,273.27272727272725,717,2599,0.07521826729348556
2883,24,26,1.518210197710718,2.4425945195976415,3.7544224765868885,1.383281304197017,2.7148803329864726,4.644467568505029,33,1058.4166666666667,1350,438.3076923076923,969,4353,0.05619311436485952
1778,26,20,1.4353205849268842,2.312710911136108,3.5601799775028122,1.2992125984251968,2.5399325084364452,4.281214848143982,46,564.8461538461538,845,210.75,1167,2526,0.03953646898432175
2521,30,29,1.5259817532725108,2.4704482348274492,3.8028560095200317,1.3847679492264975,2.7516858389527967,4.668385561285204,47,1056.5666666666666,1195,479.6551724137931,1102,3817,0.0743578188373141
371,18,18,1.5471698113207548,2.339622641509434,3.2641509433962264,1.307277628032345,2.4097035040431267,3.7277628032345014,15,83.72222222222223,177,30.11111111111111,74,556,0.0
1822,28,27,1.487376509330406,2.4006586169045003,3.744785949506037,1.3567508232711307,2.7030735455543358,4.686608122941823,34,742.25,1014,302.9259259259259,850,2682,0.07447485677912158
3479,18,25,1.676056338028169,2.8249496981891347,4.659384880712849,1.605921241736131,3.23081345214142,5.522851394078758,65,1921.7222222222222,2670,624.52,2993,5813,0.07224220623501199
1833,17,18,1.1958537915984724,1.9143480632842336,2.933442444080742,1.0731042007637752,2.099290780141844,3.5231860338243317,35,546.9411764705883,647,123.33333333333333,1189,2175,0.0380650277557494
1515,18,21,1.4514851485148514,2.3128712871287127,3.4897689768976896,1.3036303630363035,2.551815181518152,4.319471947194719,35,495.94444444444446,567,110.0952380952381,968,2181,0.032915360501567396
2991,24,25,1.4523570712136409,2.31427616181879,3.5098629220996322,1.3132731527917085,2.545971247074557,4.316616516215313,58,957.5833333333334,1099,716.24,1944,4320,0.049980166600555334
280,31,18,1.2178571428571427,1.7,2.0214285714285714,0.8857142857142857,1.542857142857143,2.2035714285714287,10,18.451612903225808,36,13.333333333333334,26,310,0.0
3503,59,50,1.4670282614901513,2.312303739651727,3.4424778761061945,1.301741364544676,2.549528975164145,4.370254067941764,49,1085.5762711864406,1332,667.54,1478,5080,0.07214428857715431
3327,29,21,1.5831079050195371,2.602043883378419,4.157198677487226,1.4785091674180943,2.9561166215810037,5.136459272617974,85,1812.7586206896551,2018,1255.095238095238,2645,5238,0.13497536945812807
430,21,32,1.5186046511627906,2.4069767441860463,3.5906976744186045,1.3116279069767443,2.546511627906977,4.130232558139535,17,110.76190476190476,211,47.65625,132,632,0.01832460732984293
280,18,21,1.3464285714285715,1.9678571428571427,2.5714285714285716,1.0642857142857143,1.925,2.907142857142857,12,44.55555555555556,66,14.857142857142858,58,359,0.004405286343612335
476,26,27,1.4936974789915967,2.19327731092437,2.8214285714285716,1.1890756302521008,2.153361344537815,3.369747899159664,13,63.46153846153846,108,24.85185185185185,66,685,0.0
2261,21,20,1.2941176470588236,2.0194604157452454,2.984520123839009,1.1547987616099071,2.205661211853162,3.638655462184874,36,565.7619047619048,663,338.4,1074,2905,0.029171528588098017
455,31,17,1.4505494505494505,2.1054945054945056,2.7714285714285714,1.1714285714285715,2.142857142857143,3.3252747252747255,13,51.83870967741935,91,31.294117647058822,60,629,0.0049261083743842365
3061,21,29,1.4524665142110422,2.327017314603071,3.505063704671676,1.3257105521071546,2.5321790264619404,4.25906566481542,35,1142.3333333333333,1223,408.13793103448273,1512,4425,0.04978772674642995
3014,26,29,1.5544127405441275,2.6758460517584606,4.62806901128069,1.5145985401459854,3.0836098208360982,5.339084273390843,54,2097.3846153846152,2548,392.82758620689657,1318,4659,0.15332581736189402
265,17,32,1.0641509433962264,1.5056603773584907,1.890566037735849,0.8264150943396227,1.4,1.8830188679245283,9,30.11764705882353,75,8.5,24,265,0.0
6293,44,53,1.5742888924201495,2.509613856666137,3.815191482599714,1.4293659621802002,2.780232003813761,4.7033211504846655,38,1665.5,2967,460.8679245283019,2695,9863,0.0472550382209868
873,28,17,1.61397479954181,2.473081328751432,3.4261168384879723,1.3505154639175259,2.533791523482245,4.028636884306987,17,146.75,220,74.88235294117646,156,1381,0.011097410604192354
815,21,19,1.5263803680981596,2.3398773006134967,3.279754601226994,1.2993865030674847,2.414723926380368,3.791411042944785,15,169.0952380952381,208,64.78947368421052,120,1223,0.005517241379310344
268,21,24,1.242537313432836,1.8843283582089552,2.5597014925373136,1.0522388059701493,1.8507462686567164,2.764925373134328,13,35.857142857142854,129,14.041666666666666,72,312,0.0
7272,49,25,1.6134488448844884,2.768289328932893,4.738311331133113,1.5723322332233223,3.2607260726072607,5.81985698569857,85,4505.836734693878,5936,2058.52,5829,11684,0.1526032315978456
1036,20,23,1.613899613899614,2.583011583011583,3.9121621621621623,1.444015444015444,2.806949806949807,4.61969111969112,23,316.6,585,101.52173913043478,282,1652,0.031023784901758014
909,28,17,1.5346534653465347,2.4576457645764576,3.788778877887789,1.3839383938393839,2.7733773377337734,4.746974697469747,29,332.89285714285717,560,195.76470588235293,380,1367,0.06537530266343826
530,24,20,1.2622641509433963,1.9924528301886792,2.9547169811320755,1.0735849056603775,2.0886792452830187,3.4981132075471697,26,114.33333333333333,210,28.05,280,645,0.01832460732984293
348,23,23,1.3045977011494252,1.9942528735632183,2.7902298850574714,1.0632183908045978,1.9827586206896552,3.086206896551724,14,45.0,165,16.91304347826087,114,431,0.0037735849056603774
449,18,26,1.1670378619153674,1.7884187082405345,2.5256124721603563,0.9977728285077951,1.8685968819599108,3.0155902004454345,20,85.66666666666667,215,25.692307692307693,165,506,0.01282051282051282
668,19,20,1.4865269461077844,2.3323353293413174,3.429640718562874,1.2919161676646707,2.4835329341317367,4.065868263473054,26,227.26315789473685,314,80.2,324,974,0.04
1782,25,28,1.631874298540965,2.6077441077441077,3.9343434343434343,1.4601571268237934,2.898989898989899,4.954545454545454,23,550.8,635,202.32142857142858,410,2883,0.032047477744807124
1301,31,30,1.5680245964642583,2.4565718677940045,3.6156802459646427,1.3873943120676402,2.7071483474250577,4.641813989239047,25,364.51612903225805,562,183.5,566,2009,0.03980099502487562
1966,25,24,1.6327568667344863,2.634791454730417,4.0300101729399795,1.4954221770091556,2.976093591047813,5.048321464903357,21,675.32,901,244.70833333333334,383,3185,0.050720768820074744
640,26,24,1.2578125,1.9875,2.9328125,1.096875,2.09375,3.2609375,15,79.34615384615384,303,31.541666666666668,100,779,0.004310344827586207
2364,31,27,1.6983925549915397,2.8236040609137056,4.578257191201353,1.6175972927241962,3.2939932318104908,5.710236886632826,35,1080.9032258064517,1230,691.7777777777778,1599,3984,0.06383890317052271
1472,18,21,1.5591032608695652,2.489130434782609,3.769701086956522,1.408288043478261,2.7466032608695654,4.604619565217392,29,576.0555555555555,874,190.1904761904762,520,2277,0.0456245325355273
1257,24,20,1.4049323786793955,2.181384248210024,3.1272871917263325,1.213206046141607,2.326173428798727,3.8194112967382656,20,243.45833333333334,334,93.2,259,1742,0.008823529411764706
1127,21,21,1.4338952972493346,2.3176574977817213,3.5989352262644188,1.3087843833185449,2.5918367346938775,4.4188110026619345,32,458.2857142857143,594,189.0,631,1595,0.07286166842661035
963,18,23,1.4994807892004154,2.4537902388369677,3.8193146417445485,1.3582554517133956,2.6552440290758046,4.460020768431983,31,380.6666666666667,681,118.1304347826087,423,1426,0.05314009661835749
2481,27,18,1.5973397823458282,2.554615074566707,3.863361547762999,1.4397420395002016,2.8383716243450223,4.825070536074164,26,719.4444444444445,982,383.3888888888889,686,3936,0.03475238922675934
997,19,17,1.350050150451354,2.0982948846539617,3.0561685055165495,1.1725175526579739,2.2567703109327986,3.6599799398194586,23,255.52631578947367,331,100.82352941176471,296,1327,0.020278833967046894
1691,27,17,1.4979302188054406,2.358367829686576,3.487285629804849,1.3258426966292134,2.571850975753992,4.408042578356002,50,481.0740740740741,610,418.1764705882353,1254,2506,0.04823369565217391
1514,32,23,1.5409511228533685,2.451783355350066,3.6955085865257598,1.3474240422721269,2.6704095112285335,4.6221928665786,30,488.375,598,166.56521739130434,707,2301,0.06231231231231231
1023,19,23,1.2756598240469208,2.01564027370479,2.9765395894428153,1.1133919843597262,2.166177908113392,3.6451612903225805,41,297.6842105263158,369,160.8695652173913,452,1286,0.0427807486631016
1333,31,19,1.6069017254313578,2.6136534133533385,4.123030757689422,1.474868717179295,2.9287321830457613,5.147036759189797,52,682.1290322580645,895,109.6842105263158,1203,2111,0.096045197740113
825,29,22,1.153939393939394,1.766060606060606,2.4836363636363634,0.96,1.84,3.1224242424242425,28,147.31034482758622,218,38.31818181818182,398,923,0.021505376344086023
1526,29,26,1.4161205766710354,2.220183486238532,3.260812581913499,1.2450851900393185,2.4331585845347314,4.12516382699869,28,375.62068965517244,514,128.6153846153846,614,2132,0.03639240506329114
1811,32,24,1.5361678630590834,2.4765323025952513,3.842076200993926,1.3826615129762563,2.7250138045278853,4.670347874102705,48,753.25,936,358.375,931,2750,0.08692933083176986
1499,19,30,1.400933955970647,2.2494996664442963,3.438292194796531,1.2535023348899266,2.4703135423615743,4.157438292194796,43,582.578947368421,738,141.83333333333334,842,2081,0.07296849087893864
1661,27,29,1.5526791089704997,2.5316074653823,3.9698976520168574,1.4148103552077063,2.7922937989163157,4.786273329319687,38,556.5925925925926,997,435.1034482758621,825,2552,0.07244414353419093
2677,19,29,1.6425102726933134,2.712738139708629,4.335823683227494,1.5416511019798282,3.0844228614120284,5.299215539783339,36,1287.0526315789473,1444,615.7241379310345,1954,4378,0.05476753349093775
2413,32,32,1.5702445089100705,2.498135101533361,3.774554496477414,1.4090343970161625,2.785329465395773,4.776212184003315,33,683.875,892,292.75,1399,3757,0.03402903811252268
4252,32,32,1.708137347130762,2.87206020696143,4.751411100658514,1.6349952963311383,3.3835841956726247,6.000705550329257,39,2533.625,2737,1115.21875,2490,7231,0.10909524946287896
2934,32,32,1.5480572597137015,2.4338786639400136,3.5838445807770962,1.3742331288343559,2.658486707566462,4.429107021131561,24,696.90625,931,257.875,606,4510,0.030612244897959183
3955,32,32,1.6917825537294564,2.7901390644753477,4.426801517067004,1.590644753476612,3.154993678887484,5.4579013906447535,36,1689.34375,2040,483.15625,1887,6659,0.06409925045231325
2664,32,32,1.6193693693693694,2.618993993993994,4.036786786786787,1.4740990990990992,2.924924924924925,4.960960960960961,26,629.0,1097,197.15625,922,4282,0.03657556270096463
2061,32,32,1.552159146045609,2.442503639010189,3.606986899563319,1.3711790393013101,2.6254245511887433,4.296458030082484,25,393.53125,887,102.625,429,3167,0.016720604099244876
2703,32,32,1.605623381428043,2.597854236034036,4.025897151313355,1.466518682944876,2.925638179800222,4.937106918238993,23,638.96875,1174,250.96875,763,4308,0.03691941246526399
3204,32,32,1.6335830212234708,2.6298377028714106,4.01498127340824,1.4875156054931336,2.941323345817728,5.022159800249688,27,897.59375,1232,286.40625,952,5202,0.042672841548130995
4464,32,32,1.6989247311827957,2.822132616487455,4.53584229390681,1.6191756272401434,3.2533602150537635,5.70318100358423,40,2052.90625,2239,1014.3125,3142,7552,0.06680346557227543
1943,32,32,1.629439011837365,2.6083376222336594,3.9490478641276376,1.469891919711786,2.8322182192485847,4.820380854348945,31,597.875,819,344.4375,1030,3134,0.04451682953311618
2344,32,32,1.5,2.4151023890784984,3.6919795221843,1.3485494880546076,2.6919795221843,4.683873720136519,28,760.78125,939,323.34375,805,3484,0.06535626535626536
2474,32,32,1.5218270008084074,2.38965238480194,3.530315278900566,1.3516572352465643,2.6265157639450285,4.457962813257882,36,722.59375,1077,647.5,1366,3733,0.044938719927371765
1905,32,32,1.458267716535433,2.3034120734908137,3.4047244094488187,1.294488188976378,2.521784776902887,4.271391076115486,29,468.0,658,190.84375,752,2746,0.03753846153846154
1343,32,32,1.3775130305286671,2.225614296351452,3.4571854058078926,1.2412509307520476,2.4408041697691734,4.1667907669396875,29,257.46875,758,101.6875,396,1818,0.05023255813953489
3661,32,32,1.7039060366020213,2.8459437312209777,4.6096694892105985,1.6036602021305655,3.2422835290904124,5.638896476372576,43,1843.53125,2338,894.4375,1673,6206,0.08854020734099187
1632,32,32,1.338235294117647,2.0845588235294117,3.019607843137255,1.1678921568627452,2.238970588235294,3.730392156862745,23,293.0625,575,84.4375,505,2152,0.02358490566037736
2601,32,32,1.5974625144175316,2.570549788542868,3.919261822376009,1.433679354094579,2.8546712802768166,4.935793925413303,42,909.4375,1029,839.4375,1916,4123,0.05798319327731093
2116,32,32,1.60586011342155,2.5874291115311907,3.9910207939508506,1.464555765595463,2.9002835538752363,4.978733459357278,46,768.0,1145,139.25,1311,3366,0.06954314720812182
2297,32,32,1.5981715280801045,2.592947322594689,4.0783630822812365,1.4680017414018285,2.9220722681758815,5.121462777535917,50,742.625,1267,475.0625,1954,3639,0.06904650070455613
2864,32,32,1.636173184357542,2.6745810055865924,4.219972067039106,1.5143156424581006,3.017458100558659,5.24895251396648,42,1130.6875,1583,886.4375,2110,4654,0.07536017731806428
1574,32,32,1.4307496823379924,2.2458703939008893,3.309402795425667,1.2662007623888183,2.4853875476493013,4.290343074968233,37,398.03125,576,46.03125,1316,2220,0.03469079939668175
3107,32,32,1.6771805600257483,2.737689089153524,4.3434180881879625,1.5677502413904087,3.1628580624396525,5.616993884776312,50,1772.9375,1912,1204.46875,1978,5179,0.09249506254114549
1824,32,32,1.4950657894736843,2.380482456140351,3.662280701754386,1.3525219298245614,2.6452850877192984,4.452850877192983,42,368.5625,946,292.875,1099,2695,0.043777360850531584
473,32,32,1.6342494714587739,2.54122621564482,3.623678646934461,1.3742071881606766,2.602536997885835,3.9429175475687104,12,64.5625,251,29.84375,61,741,0.004484304932735426
396,32,32,1.606060606060606,2.4494949494949494,3.452020202020202,1.356060606060606,2.590909090909091,3.936868686868687,11,58.03125,135,28.34375,62,604,0.0
388,32,32,1.577319587628866,2.3195876288659796,2.966494845360825,1.2345360824742269,2.1907216494845363,3.1262886597938144,10,38.09375,140,15.875,41,580,0.0
576,32,32,1.7100694444444444,2.6979166666666665,3.939236111111111,1.4565972222222223,2.8368055555555554,4.458333333333333,14,92.625,210,45.15625,86,953,0.0035335689045936395
249,32,32,1.4216867469879517,1.9437751004016064,2.2248995983935744,1.0080321285140563,1.5983935742971886,1.9959839357429718,9,15.8125,48,8.8125,21,322,0.0
287,32,32,1.4390243902439024,2.097560975609756,2.721254355400697,1.1149825783972125,2.0452961672473866,3.0069686411149825,13,25.75,64,12.21875,47,381,0.004
243,32,32,1.4444444444444444,2.065843621399177,2.4897119341563787,1.0740740740740742,1.8271604938271604,2.5349794238683128,10,18.28125,62,12.125,32,319,0.0
426,32,32,1.6056338028169015,2.4131455399061035,3.323943661971831,1.3309859154929577,2.4859154929577465,3.8051643192488265,12,56.8125,167,30.4375,52,652,0.004830917874396135
527,32,32,1.7134724857685009,2.7362428842504745,4.043643263757116,1.4971537001897532,2.823529411764706,4.351043643263757,13,79.0,253,37.03125,63,871,0.003883495145631068
276,32,32,1.4782608695652173,2.108695652173913,2.601449275362319,1.0905797101449275,1.9021739130434783,2.6666666666666665,9,21.3125,59,12.4375,41,376,0.0
497,32,32,1.6559356136820926,2.482897384305835,3.3340040241448694,1.3098591549295775,2.4708249496981893,3.9054325955734406,17,82.53125,131,33.59375,246,791,0.016563146997929608
229,32,32,1.6288209606986899,2.5458515283842793,3.6986899563318776,1.314410480349345,2.646288209606987,4.401746724890829,13,41.3125,89,39.03125,87,341,0.00909090909090909
693,32,32,1.7287157287157287,2.7676767676767677,4.12987012987013,1.5021645021645023,2.9393939393939394,4.8686868686868685,16,145.0,298,63.84375,120,1166,0.01608187134502924
314,32,32,1.5955414012738853,2.3152866242038215,2.9363057324840764,1.21656050955414,2.159235668789809,3.248407643312102,10,29.375,143,15.65625,57,469,0.0
267,32,32,1.4269662921348314,2.0374531835205993,2.554307116104869,1.1198501872659177,1.9812734082397003,2.943820224719101,17,30.0,74,16.84375,72,349,0.00425531914893617
285,32,32,1.5052631578947369,2.1403508771929824,2.592982456140351,1.1263157894736842,1.9052631578947368,2.6771929824561402,9,21.96875,52,13.3125,45,397,0.0
280,32,32,1.5285714285714285,2.1714285714285713,2.657142857142857,1.125,1.95,2.835714285714286,10,23.78125,98,12.28125,73,396,0.0
373,32,32,1.522788203753351,2.201072386058981,2.8257372654155497,1.1689008042895441,2.1018766756032172,3.0750670241286864,16,35.21875,101,18.4375,54,536,0.0
317,32,32,1.5299684542586751,2.1577287066246056,2.5425867507886437,1.1198738170347002,1.911671924290221,2.675078864353312,12,26.09375,58,13.15625,71,453,0.0
357,32,32,1.5602240896358543,2.302521008403361,3.0140056022408963,1.2324929971988796,2.249299719887955,3.4453781512605044,11,41.78125,112,18.3125,74,525,0.0
365,32,32,1.5780821917808219,2.4054794520547946,3.367123287671233,1.2986301369863014,2.408219178082192,3.8602739726027395,15,54.96875,126,33.09375,68,544,0.002967359050445104
259,32,32,1.5444015444015444,2.3667953667953667,3.38996138996139,1.2934362934362935,2.5096525096525095,3.996138996138996,15,41.78125,82,28.0625,81,368,0.012605042016806723
2106,32,32,1.3437796771130104,2.130579297245964,3.167141500474834,1.1927825261158596,2.3067426400759734,3.7711301044634378,32,578.78125,705,182.625,647,2798,0.039048200122025624
1419,32,32,1.2057787174066243,1.8294573643410852,2.5348837209302326,1.0105708245243128,1.9281183932346724,3.1634954193093727,26,193.5625,312,58.625,717,1679,0.005964214711729622
3253,32,32,1.5431909007070397,2.5478020288964034,4.080541039040885,1.430986781432524,2.9173071011374114,5.085152167230249,40,1400.46875,1669,372.5625,1989,4988,0.0869413407821229
6187,32,32,1.7014708259253273,2.871989655729756,4.764991110392759,1.6468401486988848,3.3782123807984483,6.031032810732181,52,3984.03125,4295,1338.53125,4696,10495,0.11569565934972768
2655,32,32,1.4508474576271186,2.3446327683615817,3.6195856873822976,1.319020715630885,2.5894538606403015,4.44256120527307,31,803.4375,1126,271.0,1161,3820,0.06495263870094722
2506,32,32,1.24341580207502,1.9561053471667997,2.87390263367917,1.0989624900239425,2.1340782122905027,3.5953711093375897,29,526.125,708,137.09375,1175,3084,0.024295969077857537
2611,32,32,1.4293374186135581,2.3420145538108006,3.6878590578322483,1.3213328226733052,2.630409804672539,4.593642282650325,44,1044.96875,1424,289.0,1234,3700,0.08984557791296209
1589,32,32,1.1290119572057897,1.8093140339836375,2.7696664568911267,1.0069225928256764,1.959093769666457,3.2737570799244806,31,244.40625,742,101.53125,639,1762,0.04226705091258405
2182,32,32,1.3597616865261228,2.187442713107241,3.34051329055912,1.2204399633363887,2.3510540788267646,3.890467461044913,36,746.25,1278,174.125,509,2935,0.09507042253521127
2719,32,32,1.3214417065097461,2.1118058109599116,3.2261860978300847,1.1971312982714233,2.3365207796984184,4.01655020228025,41,811.59375,986,190.0,1637,3561,0.06271104679208876
2443,32,32,1.2054850593532542,1.8878428162095784,2.7654523127302495,1.0540319279574293,2.0347932869422842,3.3823168235775687,31,461.65625,732,133.4375,741,2913,0.039411764705882354
3219,32,32,1.5116495806150978,2.3985709847778813,3.6138552345448898,1.3609816713264988,2.649891270580926,4.575644610127369,47,1156.375,1272,338.25,2568,4834,0.056557087310003536
2115,32,32,1.2983451536643027,2.0950354609929076,3.2449172576832153,1.1749408983451537,2.291725768321513,3.884160756501182,35,402.75,1100,191.125,937,2714,0.06662436548223351
2218,32,32,1.3800721370604148,2.311541929666366,3.829125338142471,1.306131650135257,2.6559963931469794,4.610459873760144,44,934.75,1432,219.0625,1189,3029,0.10773638968481375
2005,32,32,1.2219451371571073,2.029426433915212,3.228927680798005,1.1211970074812967,2.197007481296758,3.7516209476309226,31,325.9375,1214,120.28125,735,2418,0.045714285714285714
3928,32,32,1.5814663951120163,2.5526985743380854,3.9381364562118124,1.4335539714867618,2.8268839103869654,4.749745417515275,34,1162.8125,1305,375.0625,1688,6180,0.04610226320201174
3086,32,32,1.627349319507453,2.65100453661698,4.16202203499676,1.5252754374594946,2.9650032404407,5.051847051198963,49,1404.5625,1811,1018.1875,2096,4990,0.07893841442667573
1073,32,32,1.2805219012115563,2.0838769804287045,3.201304753028891,1.1537744641192917,2.195712954333644,3.5712954333643987,33,141.90625,606,117.53125,492,1342,0.03773584905660377
6840,32,32,1.6633040935672514,2.75906432748538,4.438450292397661,1.575,3.1881578947368423,5.534502923976608,59,3307.4375,3834,959.0,3848,11345,0.08827565177618539
4544,32,32,1.626100352112676,2.7878521126760565,4.733494718309859,1.5706426056338028,3.192781690140845,5.590448943661972,50,1988.78125,3842,934.46875,2851,7357,0.13498556304138595
2935,32,32,1.3601362862010222,2.2316865417376492,3.570357751277683,1.2732538330494036,2.5100511073253835,4.240545144804089,45,1038.25,1932,456.90625,1313,3960,0.0836947094535993
4931,32,32,1.3778138308659502,2.1932670857838166,3.3171770431961063,1.2409247617116204,2.414723179882377,4.087811802879741,52,1330.71875,1489,981.84375,2373,6762,0.052109811896288764
3223,32,32,1.2494570276140242,1.9329816940738442,2.78560347502327,1.0940117902575242,2.099906919019547,3.489605957182749,35,605.96875,777,168.71875,1860,3995,0.031685678073510776
4361,32,32,1.556294427883513,2.594129786746159,4.269662921348314,1.4691584498968127,2.977986700298097,5.1822976381563866,55,1303.0,2725,1311.03125,2797,6755,0.10131817006978547
4967,32,32,1.6605596939802698,2.775518421582444,4.527280048318905,1.5762029394000403,3.148177974632575,5.234145359371854,39,1608.1875,3735,382.09375,1285,8216,0.08058375634517767
5943,32,32,1.5384485949856974,2.452801615345785,3.7301026417634193,1.39811542991755,2.7275786639744237,4.537607269056032,38,1969.875,2265,506.25,2162,9111,0.05088578967206935
4396,32,32,1.3930846223839854,2.222020018198362,3.388307552320291,1.264786169244768,2.477479526842584,4.225204731574158,56,1523.25,1726,383.28125,2901,6092,0.06423562412342217
3569,32,32,1.1983748949285513,1.8870832165872793,2.7873353880638834,1.0624824880919026,2.0484729616138972,3.4651162790697674,43,704.8125,900,138.71875,2202,4245,0.04154901169826543
1630,32,32,0.8484662576687116,1.3950920245398772,2.194478527607362,0.7773006134969325,1.4717791411042944,2.414723926380368,35,118.28125,627,65.8125,253,1351,0.051964512040557666
3422,32,32,1.347749853886616,2.1446522501461134,3.1843950905902982,1.2001753360607832,2.289012273524255,3.816189362945646,45,823.75,1015,381.90625,1813,4580,0.042401500938086305
3606,32,32,1.268996117581808,1.9986134220743206,2.9728230726566833,1.1344980587909042,2.199112590127565,3.7218524681087075,47,893.125,1079,431.75,1241,4544,0.04453592814371257
5931,32,32,1.537683358624178,2.484403979092902,3.87202832574608,1.4183105715730906,2.8324060023604787,4.983308042488619,41,2129.6875,2392,1264.28125,3157,9088,0.06568516421291053
3213,32,32,1.1926548397136632,1.8689698101462808,2.7320261437908497,1.0410830999066294,1.9788359788359788,3.2356053532524123,39,758.0625,916,223.96875,539,3800,0.05375854214123007
10808,32,32,1.6899518874907475,2.8577905255366396,4.793023686158401,1.6347150259067358,3.3938749074759436,6.101313841598816,69,7271.125,7778,2070.34375,9217,18233,0.12459546925566344
6071,32,32,1.5219897875144128,2.468291879426783,3.8776148904628562,1.4076758359413606,2.808927689013342,4.881568110690166,52,2664.71875,3002,1178.15625,3644,9208,0.07571801566579635
4121,32,32,1.3336568793982042,2.11162339238049,3.1514195583596214,1.1943702984712448,2.326134433389954,3.878184906576074,39,1078.71875,1177,745.34375,2155,5464,0.04498594189315839
4248,32,32,1.3403954802259888,2.085216572504708,3.0541431261770247,1.18879472693032,2.268832391713748,3.744350282485876,49,800.71875,906,472.84375,1795,5662,0.028759736369083282
7775,32,32,1.6195498392282959,2.727073954983923,4.493376205787781,1.5461093247588424,3.11524115755627,5.2931189710610935,40,3761.40625,5724,738.21875,2398,12560,0.09639225518874495
6208,32,32,1.6224226804123711,2.6667203608247423,4.270457474226804,1.524645618556701,3.0568621134020617,5.335534793814433,62,3071.09375,3365,1135.1875,3842,10040,0.09273916035788025
6076,32,32,1.6219552337063858,2.6698485845951283,4.316491112574062,1.5347267939433837,3.0916721527320608,5.33130348913759,60,3449.0625,3655,228.5,5516,9823,0.09861622000350324
9047,32,32,1.5148668066762463,2.446667403559191,3.8156294904388197,1.4077594782800928,2.794296451862496,4.806013042997678,61,3193.96875,3345,3357.3125,7093,13673,0.06393893893893894
9538,32,32,1.5968756552736423,2.6150136296917594,4.162507863283707,1.4962256238205074,3.004613126441602,5.207066470958273,67,4105.96875,4681,2982.90625,7593,15199,0.07680945347119646
1329,25,21,1.3160270880361173,2.035364936042137,2.926260346124906,1.145974416854778,2.1843491346877353,3.619262603461249,29,286.48,382,200.71428571428572,510,1724,0.024295432458697766
1082,19,23,1.1016635859519408,1.7375231053604436,2.5924214417744915,0.9611829944547134,1.8502772643253236,3.099815157116451,23,269.7368421052632,325,93.17391304347827,293,1173,0.028901734104046242
1840,52,63,1.5521739130434782,2.533695652173913,4.011413043478261,1.4152173913043478,2.8543478260869564,4.9,46,600.4230769230769,1070,168.5079365079365,988,2804,0.10175651120533011
2345,25,23,1.5445628997867804,2.472494669509595,3.7471215351812366,1.394456289978678,2.7245202558635393,4.484008528784648,30,615.44,833,290.69565217391306,1052,3597,0.01864244741873805
1343,25,21,1.695457930007446,2.847356664184661,4.681310498883097,1.6247207743857037,3.162323157110946,5.302308265078183,40,570.68,1145,262.0952380952381,841,2252,0.09709480122324159
143,17,19,0.8321678321678322,1.1468531468531469,1.2937062937062938,0.5454545454545454,0.9370629370629371,1.2377622377622377,6,9.352941176470589,19,4.7368421052631575,19,102,0.0
1703,22,26,1.3705226071638286,2.2384028185554903,3.5044039929536113,1.24603640634175,2.467997651203758,4.147386964180857,41,676.7727272727273,940,250.8846153846154,657,2312,0.08327081770442611
1983,23,32,1.502773575390822,2.398386283408976,3.6248108925869893,1.3449319213313162,2.6354009077155824,4.427130610186586,42,603.0434782608696,727,137.8125,1102,2957,0.036585365853658534
294,20,24,1.4761904761904763,2.187074829931973,2.9285714285714284,1.1870748299319729,2.183673469387755,3.4693877551020407,12,54.15,125,22.125,70,414,0.0
1740,17,24,1.3310344827586207,2.1258620689655174,3.2103448275862068,1.1971264367816092,2.3126436781609194,3.8080459770114943,28,578.2352941176471,666,160.33333333333334,482,2299,0.033682634730538924
3881,31,19,1.6446792063901057,2.693120329811904,4.2847204328781245,1.5323370265395517,3.087090955939191,5.40015459933007,55,2051.548387096774,2160,1369.8947368421052,2866,6352,0.09361471861471861
654,20,26,0.6070336391437309,0.9311926605504587,1.2966360856269112,0.5030581039755352,0.9235474006116208,1.418960244648318,12,46.45,108,12.538461538461538,74,377,0.004291845493562232
2700,31,17,1.5096296296296297,2.4277777777777776,3.7385185185185184,1.3651851851851853,2.72962962962963,4.7122222222222225,46,1060.5483870967741,1237,651.2352941176471,1457,4045,0.07290349768225875
2070,22,32,1.3879227053140097,2.185024154589372,3.2657004830917873,1.242512077294686,2.4,3.9898550724637682,32,573.2272727272727,703,213.6875,837,2851,0.037410926365795724
1197,22,31,1.3609022556390977,2.1796157059314956,3.319966583124478,1.2355889724310778,2.398496240601504,4.117794486215539,30,490.5,577,167.19354838709677,408,1607,0.07861635220125786
1487,22,26,1.2279757901815735,1.9038332212508406,2.742434431741762,1.0793544048419637,2.0457296570275725,3.359784801613988,24,349.72727272727275,404,115.0,429,1804,0.025878003696857672
2337,23,18,1.7068891741548995,2.9186991869918697,4.9311082584510055,1.6414206247325631,3.4039366709456567,5.917843388960206,42,1653.3478260869565,1846,514.8333333333334,1247,3966,0.13654441007512153
1761,25,22,1.4917660420215786,2.4571266325951164,3.9080068143100513,1.3594548551959114,2.755252697331062,4.782509937535491,36,751.64,891,271.40909090909093,717,2602,0.07506702412868632
2866,24,26,1.5143056524773204,2.4330076762037685,3.737962316817865,1.3733426378227496,2.6985345429169576,4.616189811584089,34,1052.7083333333333,1345,436.11538461538464,962,4316,0.055378486055776895
1767,26,20,1.4340690435766836,2.3084323712507073,3.54782116581777,1.2869269949066213,2.516694963214488,4.195812110922468,47,557.0769230769231,840,206.5,1162,2508,0.03914835164835165
2518,30,29,1.5242255758538523,2.466243050039714,3.7934868943606035,1.3848292295472597,2.738284352660842,4.633042096902304,48,1053.6666666666667,1193,479.9310344827586,1104,3808,0.07310469314079422
369,18,18,1.5501355013550135,2.3387533875338753,3.265582655826558,1.3008130081300813,2.4200542005420056,3.6666666666666665,15,81.33333333333333,172,29.944444444444443,72,554,0.0
1822,28,27,1.487376509330406,2.4006586169045003,3.742590559824369,1.3529088913282108,2.6877058177826565,4.693743139407244,34,741.0357142857143,1013,302.9259259259259,850,2682,0.07383831954169319
3480,18,25,1.675,2.825,4.664367816091954,1.603735632183908,3.2551724137931033,5.541954022988506,66,1926.7777777777778,2676,622.52,2990,5811,0.07281989811207672
1815,17,18,1.1922865013774104,1.9079889807162533,2.9173553719008263,1.072176308539945,2.084297520661157,3.5553719008264464,34,540.1764705882352,636,122.27777777777777,1170,2147,0.039420756234915526
1507,18,21,1.4518911745189118,2.312541473125415,3.491041804910418,1.3065693430656935,2.5368281353682813,4.22229595222296,34,491.27777777777777,561,109.66666666666667,966,2170,0.033123028391167195
2974,24,25,1.449562878278413,2.3069939475453936,3.494620040349697,1.304640215198386,2.541694687289845,4.30665770006725,58,953.2916666666666,1094,711.08,1935,4287,0.05151757188498403
278,31,18,1.2194244604316546,1.7050359712230216,2.039568345323741,0.8633093525179856,1.5215827338129497,2.2014388489208634,11,18.774193548387096,37,12.88888888888889,28,308,0.0
3508,59,50,1.467502850627138,2.3129988597491447,3.4392816419612315,1.297605473204105,2.5553021664766247,4.349201824401368,50,1083.8983050847457,1326,669.48,1484,5089,0.07169056352117373
3320,29,21,1.583132530120482,2.601807228915663,4.1572289156626505,1.480120481927711,2.9647590361445784,5.169277108433735,85,1809.7241379310344,2015,1249.8095238095239,2640,5227,0.13462804476629361
430,21,32,1.5186046511627906,2.4,3.5651162790697675,1.3186046511627907,2.562790697674419,4.1976744186046515,18,109.04761904761905,209,48.40625,136,632,0.02356020942408377
283,18,21,1.353356890459364,1.989399293286219,2.6113074204946995,1.0671378091872792,1.9151943462897527,2.911660777385159,12,45.22222222222222,67,15.142857142857142,58,365,0.0
467,26,27,1.4903640256959314,2.182012847965739,2.815845824411135,1.1862955032119915,2.143468950749465,3.325481798715203,13,61.46153846153846,104,24.666666666666668,64,670,0.002403846153846154
2261,21,20,1.2958867757629366,2.022114108801415,2.984077841662981,1.1494913754975675,2.2061034940291906,3.6280406899601947,36,562.3809523809524,662,338.45,1076,2909,0.028004667444574097
452,31,17,1.4535398230088497,2.103982300884956,2.7588495575221237,1.1504424778761062,2.1238938053097347,3.2986725663716814,12,50.29032258064516,91,30.41176470588235,59,626,0.004962779156327543
3043,21,29,1.4485704896483733,2.3223792310220177,3.4995070653959908,1.3151495234965496,2.521524811041735,4.289188301018732,35,1134.952380952381,1225,405.0689655172414,1495,4387,0.049358725223474544
3029,26,29,1.5582700561241334,2.6850445691647407,4.645757675800594,1.5242654341366788,3.0868273357543745,5.347969626939584,54,2108.4615384615386,2559,395.7931034482759,1330,4694,0.15433482810164426
268,17,32,1.0634328358208955,1.5111940298507462,1.8880597014925373,0.8097014925373134,1.376865671641791,1.835820895522388,9,30.647058823529413,77,8.59375,25,268,0.0
6297,44,53,1.5739240908369065,2.508813720819438,3.8113387327298716,1.4228997935524854,2.7794187708432587,4.685405748769255,38,1669.75,2975,460.33962264150944,2688,9867,0.04739583333333333
875,28,17,1.6125714285714285,2.472,3.422857142857143,1.3382857142857143,2.5268571428571427,4.008,17,148.03571428571428,223,74.0,157,1383,0.00984009840098401
817,21,19,1.5299877600979193,2.3488372093023258,3.2937576499388004,1.2888616891064872,2.4063647490820075,3.7943696450428397,14,168.57142857142858,210,64.42105263157895,121,1229,0.0041265474552957355
272,21,24,1.2573529411764706,1.9191176470588236,2.6176470588235294,1.0514705882352942,1.8823529411764706,2.8308823529411766,13,36.76190476190476,133,14.583333333333334,69,321,0.0
7297,49,25,1.6144991092229684,2.7710017815540633,4.744826641085377,1.574345621488283,3.273262984788269,5.84363437028916,83,4531.65306122449,5964,2061.56,5855,11732,0.1514383663735281
1030,20,23,1.6097087378640778,2.578640776699029,3.9155339805825244,1.4398058252427184,2.795145631067961,4.656310679611651,22,313.25,581,100.43478260869566,278,1638,0.026014568158168574
906,28,17,1.533112582781457,2.4514348785871967,3.774834437086093,1.401766004415011,2.7792494481236205,4.700883002207505,27,332.39285714285717,564,194.0,375,1361,0.06439854191980558
536,24,20,1.2537313432835822,1.9832089552238805,2.9328358208955225,1.0671641791044777,2.1063432835820897,3.5690298507462686,26,117.08333333333333,214,28.75,283,648,0.01804123711340206
350,23,23,1.302857142857143,1.997142857142857,2.8057142857142856,1.0657142857142856,1.9942857142857142,3.1285714285714286,14,46.869565217391305,168,16.869565217391305,116,433,0.003745318352059925
446,18,26,1.1681614349775784,1.789237668161435,2.524663677130045,0.9820627802690582,1.8497757847533631,2.9820627802690582,19,84.83333333333333,213,25.23076923076923,167,503,0.012944983818770227
674,19,20,1.486646884272997,2.3427299703264093,3.4614243323442135,1.2893175074183976,2.507418397626113,4.21513353115727,26,232.42105263157896,324,80.85,328,983,0.0378657487091222
1784,25,28,1.6311659192825112,2.6070627802690582,3.9332959641255605,1.4596412556053813,2.8845291479820627,4.905269058295964,22,553.2,637,202.14285714285714,408,2885,0.03082394783639597
1297,31,30,1.5705474171164224,2.4579799537393985,3.604471858134156,1.3831919814957594,2.6854279105628374,4.6299151888974555,25,358.80645161290323,554,184.36666666666667,569,2006,0.039101497504159734
1970,25,24,1.633502538071066,2.6375634517766495,4.040101522842639,1.4939086294416244,2.9786802030456854,5.024873096446701,21,676.8,899,244.875,383,3193,0.05114544485881726
630,26,24,1.2571428571428571,1.9857142857142858,2.9285714285714284,1.1063492063492064,2.0793650793650795,3.184126984126984,15,77.34615384615384,301,30.75,95,766,0.00881057268722467
2360,31,27,1.6995762711864406,2.8241525423728815,4.580084745762712,1.6228813559322033,3.3177966101694913,5.668644067796611,35,1077.5483870967741,1225,690.7407407407408,1597,3980,0.06566523605150215
1467,18,21,1.5569188820722564,2.486707566462168,3.775051124744376,1.4137695978186775,2.758009543285617,4.661895023858214,28,575.9444444444445,873,190.0,518,2266,0.046546546546546545
1262,24,20,1.4057052297939778,2.183042789223455,3.126782884310618,1.2020602218700476,2.3114104595879557,3.7781299524564185,20,246.29166666666666,337,93.3,257,1750,0.006829268292682927
1128,21,21,1.4388297872340425,2.327127659574468,3.6143617021276597,1.323581560283688,2.622340425531915,4.434397163120567,31,457.76190476190476,597,189.95238095238096,634,1602,0.07489451476793249
963,18,23,1.4994807892004154,2.4537902388369677,3.8161993769470404,1.3582554517133956,2.6542056074766354,4.412253374870197,30,379.8333333333333,678,117.52173913043478,428,1426,0.04830917874396135
2483,27,18,1.5980668546113572,2.5561820378574307,3.861457913813935,1.4454289166331051,2.836488119210632,4.819170358437374,27,721.2222222222222,979,383.3888888888889,685,3941,0.03428819444444445
994,19,17,1.3511066398390341,2.0985915492957745,3.0553319919517103,1.1810865191146882,2.266599597585513,3.7233400402414487,22,252.3684210526316,326,101.17647058823529,296,1324,0.019083969465648856
1693,27,17,1.4973419964559953,2.357944477259303,3.4849379799173064,1.3154164205552275,2.5611340815121086,4.347312463083284,51,483.22222222222223,612,418.6470588235294,1255,2508,0.04816824966078698
1509,32,23,1.540755467196819,2.451292246520875,3.698475811795891,1.3552021206096754,2.682571239231279,4.56129887342611,30,484.40625,593,165.8695652173913,706,2293,0.06028636021100226
1021,19,23,1.2732615083251715,2.011753183153771,2.9745347698334967,1.1038197845249755,2.158667972575906,3.624877571008815,41,297.0,368,160.2608695652174,450,1281,0.04155495978552279
1332,31,19,1.6036036036036037,2.604354354354354,4.102852852852853,1.4662162162162162,2.9264264264264264,5.054054054054054,51,681.0645161290323,889,108.3157894736842,1199,2105,0.09612277867528271
831,29,22,1.1564380264741276,1.7749699157641396,2.5006016847172083,0.9663056558363418,1.8604091456077017,3.1468110709987966,29,149.58620689655172,221,39.09090909090909,403,932,0.01950354609929078
1515,29,26,1.4151815181518153,2.217161716171617,3.258085808580858,1.2468646864686468,2.4376237623762376,4.094389438943894,28,365.82758620689657,501,128.15384615384616,611,2115,0.03830806065442937
1818,32,24,1.5385038503850386,2.48019801980198,3.8426842684268427,1.3855885588558856,2.727722772277228,4.724422442244224,48,752.71875,938,365.7083333333333,939,2765,0.08904109589041095
1489,19,30,1.3975822699798524,2.2437877770315646,3.435191403626595,1.2552048354600402,2.4613834788448625,4.148421759570181,42,579.421052631579,727,140.26666666666668,834,2062,0.07274247491638795
1668,27,29,1.5557553956834533,2.538369304556355,3.9814148681055155,1.4250599520383693,2.806954436450839,4.729016786570743,38,558.4074074074074,998,435.82758620689657,826,2568,0.07277628032345014
2679,19,29,1.641284061216872,2.711459499813363,4.334453154162,1.547965658827921,3.108249346771183,5.363568495707353,36,1286.7894736842106,1439,615.9310344827586,1951,4378,0.0547244094488189
